﻿Designator,Footprint,Quantity,Value,LCSC Part #
"C1, C3",C_Rect_L13.0mm_W4.0mm_P10.00mm_FKS3_FKP3_MKS4,2,0.01u,
D1,D_SOD-123,1,D_Zener,
D2,Nexperia_CFP3_SOD-123W,1,PTVS6V0S1UR-QX,
D3,D_SOD-123,1,MP01EA06,
D4,0603,1,LED,
F1,0603,1,1A,
J2,JST_PH_B8B-PH-K_1x08_P2.00mm_Vertical,1,Conn_01x08_Pin,
J3,HDRV3W114P0X396_1X3_1182X850X1090P,1,B3P-VH__LF__SN_,
"J4, J5, J9",JST_XH_B2B-XH-AM_1x02_P2.50mm_Vertical,3,Conn_01x02_Pin,
J6,JST_XH_B3B-XH-AM_1x03_P2.50mm_Vertical,1,Conn_01x03_Pin,
"J7, J8",TerminalBlock_bornier-2_P5.08mm,2,Screw_Terminal_01x02,
JP1,SolderJumper-2_P1.3mm_Open_Pad1.0x1.5mm,1,Jumper_2_Open,
K1,Relay_SPST_Omron_G2RL-1A-E,1,G2RL-1A-E-HA DC5,
"Q1, Q4, Q6",SOT-23,3,NMOS,
"Q3, Q5",TO-220-3_Vertical,2,BTA16-600B,
"R1, R18, R4",0603,3,10k,
"R10, R15",0603,2,1k,
"R11, R6",1206,2,360,
"R12, R2, R7",0603,3,220,
"R13, R8",R_Axial_DIN0207_L6.3mm_D2.5mm_P10.16mm_Horizontal,2,39,
"R14, R9",1206,2,330,
"R17, R19",0603,2,20k,
"R3, R5",1206,2,47k,
"TP1, TP2, TP3, TP6",PinHeader_1x01_P2.54mm_Vertical,4,TestPoint,
U1,SO-4_4.4x3.6mm_P2.54mm,1,LTV-354T,
"U2, U3",DIP-6_W7.62mm,2,FOD420,
U4,WX-DC12003,1,5V700mA 3.5W,
