﻿Designator,Footprint,Quantity,Value,LCSC Part #
BZ1,Buzzer_TDK_PS1240P02BT_D12.2mm_H6.5mm,1,Buzzer,
"C1, C2",0603,2,100n,
"C10, C5",0603,2,4.7u,
D1,Nexperia_CFP3_SOD-123W,1,PTVS6V0S1UR-QX,
D2,D_SOD-123,1,MP01EA06,
D3,0603,1,LED,
F1,0603,1,1A,
J1,USB_C_Receptacle_GCT_USB4110,1,USB_C_Receptacle_USB2.0_14P,
J2,PinSocket_1x04_P2.54mm_Vertical,1,Conn_01x04_Pin,
J3,JST_XH_B2B-XH-AM_1x02_P2.50mm_Vertical,1,Conn_01x02_Pin,
J4,PinSocket_1x02_P2.54mm_Vertical,1,Conn_01x02_Pin,
J5,JST_PH_B8B-PH-K_1x08_P2.00mm_Vertical,1,Conn_01x08_Pin,
"J6, J7",PinSocket_1x14_P2.54mm_Vertical,2,Conn_01x14_Pin,
"JP1, JP2, JP3, JP4",SolderJumper-2_P1.3mm_Open_Pad1.0x1.5mm,4,Jumper_2_Open,
LED1,LED_Cree-PLCC4_3.2x2.8mm_CCW,1,RGB,
"Q1, Q2, Q7, Q8, Q9",SOT-23,5,NMOS,
"R1, R2",0603,2,5.1k,
"R19, R23, R3, R31, R32",0603,5,10k,
R24,0603,1,3k,
"R28, R29, R30, R4",0603,4,65,
R33,0603,1,22k,
"R5, R6",0603,2,37.5k,
"SW1, SW2",SW_Push_1P1T_NO_6x6mm_H9.5mm,2,SW_Push,
SW3,RotaryEncoder_Alps_EC11E-Switch_Vertical_H20mm,1,RotaryEncoder_Switch,
SW4,SW_Slide_SPDT_Straight_CK_OS102011MS2Q,1,SW_SPDT,
"TP1, TP15, TP16, TP17, TP18, TP19, TP2, TP22, TP26, TP27, TP3, TP8",PinHeader_1x01_P2.54mm_Vertical,12,TestPoint,
U1,ESP32-S3-WROOM-2,1,ESP32-S3-WROOM-2,
U2,SOT-223-3_TabPin2,1,AP7361C-33E,
"U3, U9",SOIC-8_3.9x4.9mm_P1.27mm,2,LM358_DFN,
U5,SOT-353_SC-70-5_Handsoldering,1,"74AHC1G08GW,125",
U6,SOT-353_SC-70-5,1,LM4040DCK-2.5,
